	sel title	artist	top genre	year	added	bpm	nrgy	dnce	dB	live	val	dur	acous	spch	pop	mellow	unpretenious	sophisticated	intense	contemperory
0	1   STAY (with Justin Bieber)	The Kid LAROI	australian hip hop	2021	2023‑04‑13	81.64251207729468	76.0	49.31506849315068	78.26086956521739	8.695652173913043	48.958333333333336	142.0	4.040404040404041	5.0	87.0	-46.738337815318154	-5.893819260201781	56.518189639094935	87.2284206718766	9.99732152525854
1	2   Cold Heart - PNAU Remix	Elton John	glam rock	2021	2023‑04‑13	55.55555555555556	80.0	78.08219178082192	73.91304347826087	8.695652173913043	96.875	203.0	3.0303030303030303	3.0	86.0	-10.2503278767424	-6.166267160888216	87.44724192490722	61.92054516276523	9.536640037961511
2	3   drivers license	Olivia Rodrigo	pop	2021	2023‑04‑13	69.08212560386474	43.0	45.205479452054796	60.869565217391305	9.782608695652174	13.541666666666666	242.0	77.77777777777777	6.0	86.0	-50.93395539673086	-32.37613534842168	61.07243067963735	92.46378879624115	14.331217738733375
3	4   good 4 u	Olivia Rodrigo	pop	2021	2023‑04‑13	80.19323671497584	66.0	45.205479452054796	78.26086956521739	6.521739130434782	70.83333333333333	178.0	34.343434343434346	15.0	86.0	-30.87620396941422	-10.82981617846121	71.01072668315075	72.88838804964476	8.689707527929688
4	5   Yonaguni	Bad Bunny	reggaeton	2021	2023‑04‑13	86.47342995169082	65.0	56.16438356164384	78.26086956521739	13.043478260869565	44.791666666666664	207.0	28.282828282828284	12.0	85.0	-52.73374754092443	-15.811550022259524	64.7930345744521	98.89694781345317	13.157368240174225
5	6   Beggin'	Måneskin	indie rock italiano	2017	2023‑04‑13	64.2512077294686	80.0	65.75342465753425	78.26086956521739	36.95652173913044	60.416666666666664	212.0	13.131313131313131	5.0	85.0	-47.47969269827519	-26.192774604291877	66.62445780015763	101.0719997774048	13.222960320898085
6	7   Pepas	Farruko	reggaeton	2021	2023‑04‑13	62.31884057971015	77.0	72.6027397260274	82.6086956521739	11.956521739130435	44.791666666666664	287.0	1.0101010101010102	3.0	84.0	-46.66043400051738	-15.087929059805917	68.42740989405671	97.74994171915702	12.711221243104061
7	8   telepatía	Kali Uchis	colombian pop	2020	2023‑04‑13	40.09661835748792	52.0	57.534246575342465	60.869565217391305	19.565217391304348	56.25	160.0	11.11111111111111	5.0	84.0	-23.840844417973653	-17.7318468334326	61.150155515849384	66.68151512143471	9.234626265634308
8	9   Easy On Me	Adele	british soul	2021	2023‑04‑13	68.1159420289855	37.0	50.68493150684932	65.21739130434783	11.956521739130435	12.5	225.0	58.58585858585859	3.0	84.0	-55.33807852196773	-29.572103554905823	58.64891620192395	98.57288038214185	14.534148061917566
9	10  Peaches (feat. Daniel Caesar & Giveon)	Justin Bieber	canadian pop	2021	2023‑04‑13	42.99516908212561	70.0	61.64383561643836	73.91304347826087	43.47826086956522	46.875	198.0	32.323232323232325			-45.92432213739539	-40.39779326168174	64.74984508575933	100.13716039188793	13.191614439511254
10	11  Lo Siento BB:/ (with Bad Bunny & Julieta Venegas)	Tainy	pop reggaeton	2021	2023‑04‑13	81.64251207729468	70.0	56.16438356164384	73.91304347826087	7.608695652173913	13.541666666666666	20.0								
11	12  INDUSTRY BABY (feat. Jack Harlow)	Lil Nas X	lgbtq+ hip hop	2021	2023‑04‑13	71.98067632850241	70.0	69.86301369863014	69.56521739130434	3.260869565217391	91.66666666666667	212.0	2.0202020202020203	6.0	83.0	-15.169670198109731	1.6223807461151125	79.99336124797709	61.01987715150312	9.47322089266699
12	13  Enemy (with JID) - from the series Arcane League of Legends	Imagine Dragons	modern rock	2021	2023‑04‑13	36.71497584541063														
13	14  Desesperados	Rauw Alejandro	puerto rican pop	2021	2023‑04‑13	42.99516908212561	69.0	87.67123287671232	86.95652173913044	7.608695652173913	52.083333333333336	225.0	36.36363636363637	8.0	82.0	-33.76647505429518	-29.905995256315386	92.83619699075328	94.95401829492062	14.152435236823266
14	15  Tiago PZK: Bzrp Music Sessions, Vol. 48	Bizarrap	argentine hip hop	2021	2023‑04‑13	46.3768115942029	82.0	58.9041095890411	86.95652173913044	8.695652173913043	77.08333333333333	160.0	4.040404040404041			-20.183228954223594	-12.74918745224731	75.41680654068982	67.84583100209963	6.576582907695177
15	16  LA NOCHE DE ANOCHE	Bad Bunny	reggaeton	2020	2023‑04‑13	39.130434782608695	62.0	86.3013698630137	78.26086956521739	7.608695652173913	39.583333333333336	203.0	3.0303030303030303	29.0	81.0	-37.31627321457577	-19.88634897215153	76.03287490750267	92.21636029743534	13.412916012417204
16	17  Volví	Aventura	bachata	2021	2023‑04‑13	84.54106280193237	86.0	68.4931506849315	82.6086956521739	5.434782608695652	81.25	230.0	42.42424242424242	18.0	80.0	-30.211343632874286	-13.986184432171624	90.21946384632506	82.92621344475126	12.373112076693078
17	18  Volando - Remix	Mora	trap latino	2021	2023‑04‑13	73.91304347826087	69.0	58.9041095890411	78.26086956521739	9.782608695652174	64.58333333333333	273.0	21.21212121212121	7.0	80.0	-35.37174454491309	-12.150318326204271	72.05382893858176	81.89644584619273	10.689176232245025
18	19  Sobrio	Maluma	latin pop	2021	2023‑04‑13	85.5072463768116	77.0	72.6027397260274	86.95652173913044	14.130434782608695	64.58333333333333	201.0	14.141414141414142	22.0	80.0	-47.5654625468503	-13.262349898628939	77.77260093489991	101.44364505688212	13.7496078263276
19	20  Tiroteo - Remix	Marc Seguí	spanish pop	2021	2023‑04‑13	52.65700483091788	52.0	71.23287671232876	69.56521739130434	5.434782608695652	61.458333333333336	322.0	28.282828282828284	3.0	80.0	-23.636450869625374	-16.49565431714404	79.80590599262428	72.82881863603274	11.49920531250564
20	21  DÁKITI	Bad Bunny	reggaeton	2020	2023‑04‑13	52.65700483091788	57.0	68.4931506849315	56.52173913043478	9.782608695652174	13.541666666666666	205.0	40.4040404040404	5.0	80.0	-46.64931025562353	-25.835012385619144	62.17862063156881	92.48915261910349	15.611597474145867
21	22  TE MUDASTE	Bad Bunny	reggaeton	2020	2023‑04‑13	43.96135265700483	64.0	79.45205479452055	78.26086956521739	10.869565217391305	47.916666666666664	130.0	23.232323232323232	6.0	80.0	-34.49598426191637	-24.647966036180748	80.07445509291847	89.50314716552062	13.120622920689927
22	23  Cúrame	Rauw Alejandro	puerto rican pop	2021	2023‑04‑13	48.792270531400966	63.0	73.97260273972603	82.6086956521739	9.782608695652174	26.041666666666668	165.0	58.58585858585859	5.0	79.0	-47.59416680202862	-37.83196598955607	81.85128533699113	104.44428614615481	15.303589611120135
23	24  Nostálgico	Rvssian	reggaeton	2021	2023‑04‑13	46.85990338164251	85.0	68.4931506849315	86.95652173913044	23.91304347826087	61.458333333333336	210.0	17.171717171717173	5.0	79.0	-36.691361199848394	-27.41650667635257	76.05674974882837	91.88007268937137	11.081761066592067
24	25  Hawái	Maluma	latin pop	2020	2023‑04‑13	86.47342995169082	73.0	75.34246575342466	86.95652173913044	4.3478260869565215	57.291666666666664	199.0	19.19191919191919	39.0	79.0	-47.5152733409136	-11.314913766912724	80.49101497404058	100.91574958940208	14.222484110010168
25	26  Eladio Carrion: Bzrp Music Sessions, Vol. 40	Bizarrap	argentine hip hop	2021	2023‑04‑13	56.03864734299517	52.0	75.34246575342466	73.91304347826087	27.17391304347826	86.45833333333333									
26	27  Butter	BTS	k-pop	2021	2023‑04‑13	52.65700483091788	46.0	72.6027397260274	78.26086956521739	6.521739130434782	71.875	165.0	0.0	9.0	79.0	-23.183161273244643	-9.0987711766263	77.48911389054331	72.74351879425585	9.697689183376351
27	28  Miénteme	TINI	latin pop	2021	2023‑04‑13	43.96135265700483	54.0	84.93150684931507	78.26086956521739	29.347826086956523	94.79166666666667	165.0	16.161616161616163	7.0	78.0	-17.887041950174755	-24.897101787680263	91.7921351694431	78.7176954927476	11.96631235674193
28	29  Todo De Ti	Rauw Alejandro	puerto rican pop	2021	2023‑04‑13	61.35265700483092	72.0	75.34246575342466	82.6086956521739	7.608695652173913	34.375	200.0	30.303030303030305	5.0	78.0	-48.87155353415031	-24.158210868361998	76.35816473249469	102.91635345413637	14.652737733198576
29	30  SEJODIOTO	KAROL G	reggaeton	2021	2023‑04‑13	84.54106280193237	74.0	80.82191780821918	82.6086956521739	5.434782608695652	69.79166666666667	181.0	16.161616161616163	15.0	78.0	-39.29730599623392	-8.919684674319129	85.208255876213	93.84167802203092	14.220580770480264
30	31  love nwantiti (feat. Dj Yo! & AX'EL) - Remix	CKay	afro r&b	2021	2023‑04‑13	57.48792270531401	60.0	47.945205479452056	78.26086956521739	3.260869565217391	44.791666666666664	188.0	44.44444444444444	6.0	78.0	-33.95996294090398	-21.59870086360929	69.46651445966513	77.33705165111509	9.305123337303952
31	32  Tacones Rojos	Sebastian Yatra	colombian pop	2021	2023‑04‑13	58.93719806763285	86.0	71.23287671232876	82.6086956521739	13.043478260869565	95.83333333333333	189.0	8.080808080808081	3.0	78.0	-16.62964366716599	-10.73861380331005	86.15351249240469	69.20066207037617	9.004681267709856
32	33  Si No Te Tengo / Ángel / Aquello Que Pasó	Ke Personajes		2021	2023‑04‑13	39.130434782608695	71.0	26.027397260273972	82.6086956521739	23.91304347826087	54.166666666666664	428.0	5.05050505050505	5.0	78.0	-31.733676851901983	-20.65149635124322	46.94735322251701	68.45160208397253	3.4002284609044584
33	34  Medallo	Blessd	reggaeton	2021	2023‑04‑13	42.99516908212561	70.0	76.71232876712328	78.26086956521739	69.56521739130434	81.25	233.0	57.57575757575758	8.0	77.0	-40.982273599605335	-58.379534249583386	86.74668664007555	110.22084829834978	16.31363102435914
34	35  EL MAKINON	KAROL G	reggaeton	2021	2023‑04‑13	42.51207729468599	71.0	56.16438356164384	86.95652173913044	9.782608695652174	44.791666666666664	209.0	26.262626262626263	13.0	77.0	-35.70311512985724	-25.552437154451006	70.32948604568617	84.18482660133196	9.037912816370975
35	36  512	Mora	trap latino	2021	2023‑04‑13	42.028985507246375	67.0	80.82191780821918	65.21739130434783	16.304347826086957	71.875	194.0	35.35353535353536	15.0	77.0	-17.390850133256315	-24.604988802558047	87.52138718934431	72.28980055167517	12.832762369074906
36	37  Una Vaina Loca	Fuego	electro latino	2021	2023‑04‑13	51.207729468599034	59.0	79.45205479452055	86.95652173913044	7.608695652173913	56.25	226.0	13.131313131313131	5.0	76.0	-35.2220492597205	-19.368102180229933	82.26878974377486	90.8821546314846	12.191220197808946
37	38  MONTERO (Call Me By Your Name)	Lil Nas X	lgbtq+ hip hop	2021	2023‑04‑13	85.99033816425121	51.0	52.054794520547944	69.56521739130434	39.130434782608695	78.125	138.0	30.303030303030305	15.0	76.0	-42.26280824925852	-21.352907612455702	65.83453955878018	90.43836556451954	12.515391594624026
38	39  Ley Seca	JhayCo	reggaeton	2021	2023‑04‑13	50.24154589371981	84.0	72.6027397260274	82.6086956521739	11.956521739130435	59.375	263.0	10.1010101010101	10.0	76.0	-32.845985164329406	-18.37561570890561	76.66675991601542	85.37779635244645	11.087840698527867
39	40  Una Locura	Ozuna	puerto rican pop	2020	2023‑04‑13	80.67632850241546	76.0	65.75342465753425	78.26086956521739	23.91304347826087	93.75	231.0	14.141414141414142	4.0	76.0	-29.694888130861926	-11.63150978215749	79.31396153313963	81.24810869264415	11.200562428934974
40	41  Pareja Del Año	Sebastian Yatra	colombian pop	2021	2023‑04‑13	38.16425120772947	62.0	67.12328767123287	78.26086956521739	7.608695652173913	83.33333333333333	195.0	16.161616161616163	5.0	75.0	-9.634659579716159	-15.497527388236145	83.8755181354943	59.45453041432791	7.538099879076651
41	42  AM Remix	Nio Garcia	reggaeton	2021	2023‑04‑13	82.6086956521739	66.0	69.86301369863014	78.26086956521739	6.521739130434782	81.25	261.0	11.11111111111111	16.0	75.0	-29.95546290781548	-4.24622377738072	80.27377407186817	79.17430183310171	11.416265468863743
42	43  Los Tragos	Reik	latin arena pop	2021	2023‑04‑13	44.927536231884055	70.0	45.205479452054796	78.26086956521739	15.217391304347826	69.79166666666667	171.0	12.121212121212121	6.0	75.0	-21.493353727868307	-16.029544439330774	64.56628223870631	63.6199701752486	5.748131440973161
43	44  Hecha Pa' Mi	Boza	panamanian pop	2020	2023‑04‑13	47.82608695652174	76.0	68.4931506849315	78.26086956521739	8.695652173913043	85.41666666666667	186.0	36.36363636363637	6.0	75.0	-12.27403577165339	-19.99447384806974	90.41335932282925	64.6896082624939	9.293127447795406
44	45  Qué Más Pues?	J Balvin	reggaeton	2021	2023‑04‑13	48.792270531400966	82.0	90.41095890410959	82.6086956521739	16.304347826086957	79.16666666666667	218.0	3.0303030303030303	11.0	74.0	-25.495381149192927	-17.579647728024735	89.46216482875208	85.33815071501192	12.678877067277902
45	46  Otra Noche	Los Ángeles Azules	gruperas inmortales	2021	2023‑04‑13	43.96135265700483	71.0	52.054794520547944	82.6086956521739	6.521739130434782	65.625	199.0	35.35353535353536	3.0	74.0	-20.56825401122601	-21.779071424489082	76.98737223335199	67.0350937155955	7.230092956064518
46	47  L-Gante: Bzrp Music Sessions, Vol.38	Bizarrap	argentine hip hop	2021	2023‑04‑13	42.028985507246375	82.0	43.83561643835616	86.95652173913044	7.608695652173913	78.125	192.0	37.37373737373738	26.0		-13.895259925039557	-21.703519147700952	78.3073167650297	59.06643602493066	4.840573130049754
47	48  Bandido	Myke Towers	reggaeton	2020	2023‑04‑13	80.67632850241546	62.0	65.75342465753425	78.26086956521739	8.695652173913043	69.79166666666667	233.0	12.121212121212121	9.0	74.0	-36.060390985495204	-7.2946493298079105	74.38906034736887	84.04112033076446	11.579446377112399
48	49  Baila Conmigo (with Rauw Alejandro)	Selena Gomez	dance pop	2021	2023‑04‑13	71.98067632850241	54.0	80.82191780821918	69.56521739130434	8.695652173913043	67.70833333333333	186.0	2.0202020202020203	7.0	74.0	-32.34616414291816	-5.785544358113599	76.93926158547958	82.91419668694088	13.448100533326118
49	50  911 (Remix)	Sech	panamanian pop	2021	2023‑04‑13	44.44444444444444	71.0	80.82191780821918	82.6086956521739	29.347826086956523	80.20833333333333	209.0	17.171717171717173	4.0	74.0	-27.41105215345834	-27.969832895663004	86.3905132323834	87.61017824161809	12.237132153879475
50	51  Relación - Remix	Sech	panamanian pop	2020	2023‑04‑13	82.6086956521739	77.0	76.71232876712328	86.95652173913044	28.26086956521739	86.45833333333333	247.0	3.0303030303030303	10.0	74.0	-41.718000433158274	-14.409000103777505	80.71155269189813	99.22696929088383	13.371094243507136
51	52  Fiel	Los Legendarios	reggaeton	2021	2023‑04‑13	46.85990338164251	70.0	84.93150684931507	82.6086956521739	9.782608695652174	52.083333333333336	262.0	41.41414141414141	6.0	73.0	-34.243980904939804	-30.2330838913254	90.97658839737458	94.10079276986662	14.502228584234242
52	53  BICHOTA	KAROL G	reggaeton	2021	2023‑04‑13	78.74396135265701	66.0	86.3013698630137	82.6086956521739	9.782608695652174	89.58333333333333	179.0	20.2020202020202	15.0	73.0	-28.16541682458893	-11.168518493451487	95.10709537302748	86.53388335408883	13.812345085759322
53	54  KESI - Remix	Camilo	colombian pop	2021	2023‑04‑13	58.93719806763285	82.0	87.67123287671232	82.6086956521739	7.608695652173913	84.375	177.0	13.131313131313131	5.0	73.0	-22.047656433302645	-13.222543894874894	93.90997828192587	80.10852532171025	12.368522742312948
54	55  Entre Nosotros	Tiago PZK	trap argentino	2021	2023‑04‑13	81.64251207729468	51.0	68.4931506849315	73.91304347826087	13.043478260869565	81.25	192.0	49.494949494949495	5.0	72.0	-28.88317059817951	-18.207089131337195	88.52183538782705	81.5478647403156	13.293621518941649
55	56  Malbec	Duki	argentine hip hop	2021	2023‑04‑13	58.93719806763285	69.0	65.75342465753425	73.91304347826087	11.956521739130435	44.791666666666664	176.0	57.57575757575758	4.0	72.0	-38.32027240842011	-30.352949725064825	79.6558587663412	90.27036934262219	13.799802108337696
56	57  2/Catorce	Rauw Alejandro	puerto rican pop	2021	2023‑04‑13	53.6231884057971	56.0	73.97260273972603	86.95652173913044	10.869565217391305	37.5	206.0	71.71717171717172	9.0	72.0	-44.761272643047505	-40.77329504093947	90.05396430053965	104.3940281312229	15.369753972121455
57	58  Se Te Nota (with Guaynaa)	Lele Pons	latin pop	2020	2023‑04‑13	49.27536231884058	69.0	93.15068493150685	86.95652173913044	27.17391304347826	98.95833333333333	156.0	9.090909090909092	7.0	72.0	-21.378986409659433	-23.03260136354612	97.8145270453192	86.45073614344757	12.779415845470789
58	59  Snow Tha Product: Bzrp Music Sessions, Vol. 39	Bizarrap	argentine hip hop	2021	2023‑04‑13	63.768115942028984	75.0	82.1917808219178	78.26086956521739	8.695652173913043										
59	60  Nathy Peluso: Bzrp Music Sessions, Vol. 36	Bizarrap	argentine hip hop	2020	2023‑04‑13	44.927536231884055	66.0	57.534246575342465	82.6086956521739	5.434782608695652	76.04166666666667	171.0								
60	61  Bar	TINI	latin pop	2021	2023‑04‑13	44.927536231884055	69.0	39.726027397260275	82.6086956521739	33.69565217391305	69.79166666666667	160.0	13.131313131313131	8.0	71.0	-31.177065473074993	-25.73993602643469	59.07389860486943	75.96380458846956	6.204854719018658
61	62  Reloj	Rauw Alejandro	puerto rican pop	2020	2023‑04‑13	84.54106280193237	54.0	80.82191780821918	86.95652173913044	10.869565217391305	62.5	232.0	18.181818181818183	21.0	71.0	-47.48615096768759	-14.378827735364368	83.45924401850549	104.2497533404323	15.116153344041969
62	63  Nicky Jam: Bzrp Music Sessions, Vol. 41	Bizarrap	argentine hip hop	2021	2023‑04‑13	42.99516908212561	85.0	54.794520547945204	86.95652173913044	13.043478260869565	84.375	158.0	9.090909090909092			-15.984687554520788	-15.59995709777946	76.36740243410883	63.630249411927494	5.646850992052745
63	64  Vida de Rico	Camilo	colombian pop	2021	2023‑04‑13	42.028985507246375	50.0	79.45205479452055	82.6086956521739	4.3478260869565215	98.95833333333333	185.0	18.181818181818183	5.0	71.0	-3.9212148284512667	-13.85118024347104	97.63659826375728	59.37411225115959	8.538922766978901
64	65  HASTA ABAJO	Kevin Roldan	reggaeton	2019	2023‑04‑13	81.64251207729468	67.0	65.75342465753425	78.26086956521739	33.69565217391305	65.625	230.0	29.292929292929294	36.0	71.0	-49.700597397440745	-25.0303212665668	72.63960931530914	104.04584145505082	14.635276416638094
65	66  Loco	Justin Quiles	reggaeton	2021	2023‑04‑13	61.35265700483092	90.0	73.97260273972603	86.95652173913044	7.608695652173913	87.5	232.0	22.22222222222222	5.0	71.0	-21.027082919727345	-14.66416021441334	91.38180795447026	75.9361888690358	10.24744391502879
66	67  Morad: Bzrp Music Sessions, Vol. 47	Bizarrap	argentine hip hop	2021	2023‑04‑13	58.45410628019324	86.0	73.97260273972603	78.26086956521739	8.695652173913043	56.25	178.0	47.474747474747474	4.0		-33.22460158463733	-26.07849376733385	86.57350755921334	88.03758324760409	13.560986954115306
67	68  Pintao	Duki	argentine hip hop	2021	2023‑04‑13	50.72463768115942	80.0	69.86301369863014	78.26086956521739	6.521739130434782	47.916666666666664	167.0	14.141414141414142	6.0	71.0	-34.76046949543078	-17.200110470397846	72.74808237226344	84.25335321650093	11.32008628572804
68	69  París	Ingratax	concurso de talentos argentino	2021	2023‑04‑13	80.67632850241546	46.0	46.57534246575342	73.91304347826087	5.434782608695652	40.625	151.0	44.44444444444444	10.0	70.0	-45.48319105287538	-16.884610135000997	64.13179141023096	87.07523906425783	11.523333581496924
69	70  Además de Mí - Remix	Rusherking	trap argentino	2021	2023‑04‑13	37.19806763285024	61.0	23.28767123287671	78.26086956521739	18.47826086956522	41.666666666666664	330.0	4.040404040404041	5.0	70.0	-33.445372425866765	-18.597985513262465	41.34927295588403	66.64679553125058	3.3101337977752516
70	71  Índigo	Camilo	colombian pop	2021	2023‑04‑13	61.83574879227053	78.0	71.23287671232876	69.56521739130434	9.782608695652174	95.83333333333333	215.0	1.0101010101010102	3.0	70.0	-11.740425397512938	-2.9524917128401356	81.02505399438097	59.535532513942286	9.084171825461283
71	72  Parce (feat. Justin Quiles)	Maluma	latin pop	2020	2023‑04‑13	40.09661835748792	74.0	63.013698630136986	86.95652173913044	9.782608695652174	90.625	248.0	42.42424242424242	23.0	70.0	-8.943144969648838	-24.97236378826983	93.64385667274291	62.608733628723215	7.447190976170279
72	73  Ella No Es Tuya - Remix	Rochy RD	dembow	2021	2023‑04‑13	46.3768115942029	61.0	49.31506849315068	82.6086956521739	68.47826086956522	98.95833333333333	218.0	39.39393939393939	29.0	70.0	-31.55640983991192	-46.937956282599664	73.61458840940675	89.77629067626836	9.742380813796093
73	74  El Mismo Aire	La K'onga	cuarteto	2020	2023‑04‑13	71.98067632850241	75.0	72.6027397260274	73.91304347826087	11.956521739130435	84.375	209.0	7.070707070707071	4.0	70.0	-25.040978576714142	-6.642743508642111	79.88810378953322	75.07410728788783	11.216628577315744
74	75  La Niña de la Escuela	Lola Indigo	spanish pop	2021	2023‑04‑13	84.54106280193237	88.0	65.75342465753425	91.30434782608695	98.91304347826087	87.5	204.0	17.171717171717173	8.0	70.0	-74.91173046726948	-52.0494665234838	64.97426017169913	144.20699099391774	17.677148946282365
75	76  Chica Ideal	Sebastian Yatra	colombian pop	2020	2023‑04‑13	48.309178743961354	89.0	46.57534246575342	82.6086956521739	15.217391304347826	72.91666666666667	183.0	8.080808080808081	16.0	70.0	-23.202339054632073	-14.845427548264055	66.01738649147822	66.5707649755446	5.740738610043257
76	77  YaMeFui	Bizarrap	argentine hip hop	2021	2023‑04‑13	48.309178743961354	64.0	76.71232876712328	78.26086956521739	28.26086956521739	17.708333333333332	183.0	66.66666666666667	7.0	69.0	-58.983042154721716	-49.7337969856396	77.85560187942558	119.90576814903051	18.245957001522072
77	78  Ptazeta: Bzrp Music Sessions, Vol. 45	Bizarrap	argentine hip hop	2021	2023‑04‑13	54.589371980676326	81.0	82.1917808219178	78.26086956521739	5.434782608695652	72.91666666666667	161.0	4.040404040404041	1.0		-23.772650567617795	-10.302981046317853	84.2206249511193	77.15654836031547	11.484158514868755
78	79  Mala Mía	LIT killah	argentine hip hop	2021	2023‑04‑13	84.54106280193237	68.0	61.64383561643836	82.6086956521739	10.869565217391305	54.166666666666664	191.0	20.2020202020202	8.0	69.0	-48.29004457920478	-13.0150665379224	70.06034135277733	96.67089447181765	12.650455568189342
79	80  TOP 5	Duki	argentine hip hop	2021	2023‑04‑13	47.82608695652174	82.0	84.93150684931507	86.95652173913044	9.782608695652174	70.83333333333333	147.0	9.090909090909092	21.0	69.0	-27.42777537134298	-18.31825626725865	88.38589889364161	85.53837511505766	11.843659194686595
80	81  Una Nota	J Balvin	reggaeton	2021	2023‑04‑13	86.47342995169082	79.0	58.9041095890411	78.26086956521739	4.3478260869565215	72.91666666666667	171.0	2.0202020202020203	21.0	69.0	-34.5112921953303	0.42115729961918014	69.27934496844564	77.99965181896388	9.908214440413667
81	82  Si Me Tomo Una Cerveza	Migrantes	cumbia pop	2020	2023‑04‑13	40.57971014492754	61.0	67.12328767123287	69.56521739130434	15.217391304347826	88.54166666666667	182.0	19.19191919191919	6.0	69.0	-7.8768642349642795	-16.51557470927259	82.26045445521324	57.24040546922469	8.357530599322589
82	83  Explícito	Myke Towers	reggaeton	2020	2023‑04‑13	45.410628019323674	83.0	82.1917808219178	86.95652173913044	4.3478260869565215	42.708333333333336	195.0	35.35353535353536	5.0	69.0	-37.970279026115826	-28.299755859668757	87.17736627742583	96.11924598877397	13.769141496862613
83	84  La Nota	Manuel Turizo	colombian pop	2021	2023‑04‑13	43.96135265700483	63.0	69.86301369863014	78.26086956521739	35.869565217391305	51.041666666666664	216.0	18.181818181818183	6.0	69.0	-43.69371499389367	-33.558764949976236	68.97711179694504	99.36449177600905	13.069715732368355
84	85  ALMAS GEMELAS	Myke Towers	reggaeton	2021	2023‑04‑13	45.410628019323674	75.0	76.71232876712328	78.26086956521739	29.347826086956523	73.95833333333333	235.0	18.181818181818183	6.0	69.0	-29.171777332587336	-27.425414245191643	81.27391544991305	86.63551123203447	12.224135525896246
85	86  BEBÉ	Camilo	colombian pop	2021	2023‑04‑13	62.31884057971015	72.0	86.3013698630137	82.6086956521739	3.260869565217391	100.0	197.0	48.484848484848484	4.0	69.0	-10.789922753442701	-18.856787048567867	109.50981825401124	71.28437742523508	12.378742758135255
86	87  Salimo de Noche	Tiago PZK	trap argentino	2021	2023‑04‑13	40.09661835748792	63.0	60.273972602739725	82.6086956521739	10.869565217391305	80.20833333333333	178.0	29.292929292929294	5.0	68.0	-13.990369748708039	-21.554091202375155	83.50603112723422	64.16948482742853	7.4027429972747125
87	88  DANCE CRIP	Trueno	argentine hip hop	2021	2023‑04‑13	50.72463768115942	77.0	86.3013698630137	82.6086956521739	6.521739130434782	88.54166666666667	165.0	11.11111111111111	10.0	68.0	-15.622377738071593	-13.105620491694788	94.72523327377408	73.00174128118589	11.019209929852424
88	89  No Me Conocen (Remix) [con DUKI, Rei & Tiago PZK]	BANDIDO	concurso de talentos argentino	2021	2023‑04‑13	0.0														
89	90  FEEL ME??	Trueno	argentine hip hop	2021	2023‑04‑13	58.93719806763285	58.0	69.86301369863014	73.91304347826087	27.17391304347826	54.166666666666664	187.0	40.4040404040404	4.0	68.0	-41.53308697456999	-31.37987002244001	76.33459971965036	96.40646037504288	14.372704862803136
90	91  VIVIR ASÍ ES MORIR DE AMOR	NATHY PELUSO	r&b en espanol	2021	2023‑04‑13	48.792270531400966	80.0	53.42465753424658	73.91304347826087	8.695652173913043	73.95833333333333	257.0	9.090909090909092	5.0	68.0	-17.16008957953568	-10.25814897786682	69.33702721076159	59.74343682507023	6.650387323202242
91	92  Fiel - Remix	Wisin	reggaeton	2021	2023‑04‑13	46.85990338164251	71.0	83.56164383561644	78.26086956521739	10.869565217391305	58.333333333333336	350.0	40.4040404040404	5.0	68.0	-29.502496676111917	-28.223071994513333	90.53448721882313	87.9388374513449	14.008839135849259
92	93  Poblado - Remix	J Balvin	reggaeton	2021	2023‑04‑13	44.44444444444444	81.0	79.45205479452055	78.26086956521739	39.130434782608695	66.66666666666667	393.0	10.1010101010101	8.0	68.0	-38.14288808273322	-31.22369616354131	75.88385342405593	97.57182305484868	13.582387303649963
93	94  Sal y Perrea	Sech	panamanian pop	2021	2023‑04‑13	42.99516908212561	90.0	76.71232876712328	95.65217391304348	30.434782608695652	83.33333333333333	217.0	19.19191919191919	13.0	68.0	-29.952190156478423	-31.9071747853761	89.20254961767765	92.48100420524483	10.980270242628789
94	95  Mentirosa	Rafaga	cumbia chilena	1998	2023‑04‑13	96.61835748792271	78.0	54.794520547945204	73.91304347826087	23.91304347826087	84.375	195.0	6.0606060606060606	8.0	68.0	-39.346347633572165	-4.689548665631898	65.79164485835123	84.2903284633109	11.076363508521787
95	96  como si no importara	Emilia	pop argentino	2021	2023‑04‑13	45.410628019323674	53.0	83.56164383561644	69.56521739130434	8.695652173913043	54.166666666666664	173.0	47.474747474747474	14.0	67.0	-26.533019293591064	-28.054483940055707	89.55425006467294	82.94816990632953	14.554348578097837
96	97  Mal Acostumbrao - con Maria Becerra	Mau y Ricky	latin pop	2021	2023‑04‑13	46.85990338164251	52.0	86.3013698630137	73.91304347826087	6.521739130434782	60.416666666666664	190.0	6.0606060606060606	14.0	67.0	-26.658719415717627	-14.348085906714555	82.13278707263223	80.78695757455435	12.737630549088262
97	98  2:50 Remix	MYA	pop argentino	2021	2023‑04‑13	67.14975845410628	81.0	80.82191780821918	82.6086956521739	22.82608695652174	86.45833333333333	232.0	11.11111111111111	5.0	67.0	-30.912150089338894	-17.027941152140823	86.4177420422209	88.93697885646218	12.851893901793396
98	99  YIN YAN	Duki	argentine hip hop	2021	2023‑04‑13	82.6086956521739	69.0	68.4931506849315	82.6086956521739	27.17391304347826	72.91666666666667	189.0	6.0606060606060606	14.0	67.0	-46.08266554767446	-14.823360541086867	71.99636327539841	99.163587182125	13.086441018282887
99	100 L-Gante: RKT SESSIONS #1	Papu DJ	cumbia 420	2020	2023‑04‑13	84.54106280193237	49.0	82.1917808219178	52.17391304347826	27.17391304347826	56.25	182.0	37.37373737373738	48.0	67.0	-44.62289211351152	-20.19911631201834	74.9645863037763	97.7555821767406	18.902032911004028
100	101 Mi Niña	Wisin	reggaeton	2020	2023‑04‑13	47.82608695652174	82.0	80.82191780821918	86.95652173913044	13.043478260869565	81.25	213.0	31.31313131313131	17.0	67.0	-21.563884828030147	-24.75780775293134	95.49042539751295	81.16296150907527	11.565620845139907
101	102 AM	Nio Garcia	reggaeton	2021	2023‑04‑13	82.6086956521739	52.0	82.1917808219178	73.91304347826087	7.608695652173913	63.541666666666664	182.0	40.4040404040404	33.0	67.0	-38.62234314557124	-16.73075058957653	88.5161892901619	94.1773267968548	16.140847689220976
102	103 Ella - Remix	Boza	panamanian pop	2021	2023‑04‑13	86.47342995169082	81.0	71.23287671232876	82.6086956521739	16.304347826086957	90.625	330.0	34.343434343434346	11.0	67.0	-31.60636742649845	-15.168524321535784	89.720706168294	86.76832236901477	12.883537767490267
103	104 De Museo	Bad Bunny	reggaeton	2021	2023‑04‑13	63.28502415458937	49.0	49.31506849315068	52.17391304347826	11.956521739130435	22.916666666666668	210.0	24.242424242424242	7.0	67.0	-44.0374155491785	-14.883951561475385	47.76961695573965	80.23097337279887	12.203198227059158
104	105 La Tóxica	Farruko	reggaeton	2020	2023‑04‑13	43.96135265700483	70.0	58.9041095890411	82.6086956521739	7.608695652173913	63.541666666666664	181.0	9.090909090909092	16.0	67.0	-24.31234621377564	-15.22532107104397	71.83292423941622	70.92051809037365	7.5767613222757655
105	106 Colorín Colorado	Justin Quiles	reggaeton	2021	2023‑04‑13	81.64251207729468	81.0	61.64383561643836	82.6086956521739	17.391304347826086	58.333333333333336	195.0	22.22222222222222	19.0	67.0	-47.6745417245715	-16.78444510621401	70.76785123420025	97.63784660181324	12.729452054794523
106	107 Maldita Foto	TINI	latin pop	2021	2023‑04‑13	83.57487922705315	67.0	69.86301369863014	82.6086956521739	8.695652173913043	95.83333333333333	190.0	15.151515151515152	13.0	66.0	-24.67614801980495	-5.272601686910797	86.78058127432756	76.11484860517022	10.677821244006472
107	108 Anuel AA: Bzrp Music Sessions, Vol. 46	Bizarrap	argentine hip hop	2021	2023‑04‑13	35.7487922705314	84.0	24.65753424657534	82.6086956521739	7.608695652173913	67.70833333333333	202.0	35.35353535353536			-13.36735731345619	-20.781375209811035	63.469239747083705	49.83567772724265	1.856677066977098
108	109 Ram Pam Pam	NATTI NATASHA	latin pop	2021	2023‑04‑13	46.3768115942029	81.0	93.15068493150685	86.95652173913044	28.26086956521739	94.79166666666667	201.0	31.31313131313131	8.0	66.0	-21.865701385504835	-31.705910542290077	103.11162849459454	89.34083276180506	13.815043864794458
109	110 En Tu Cuerpo - Remix	Lyanno	reggaeton	2020	2023‑04‑13	74.8792270531401	50.0	69.86301369863014	60.869565217391305	8.695652173913043	57.291666666666664	311.0	25.252525252525253	7.0	66.0	-33.75443084808778	-10.446034383441322	72.21668140607987	79.95413824065551	13.73630005384398
110	111 Antes de Ti	Rusherking	trap argentino	2021	2023‑04‑13	61.35265700483092	61.0	84.93150684931507	82.6086956521739	5.434782608695652	79.16666666666667	207.0	13.131313131313131	4.0	65.0	-24.679861449515986	-12.127544804808059	91.1004355647	81.13411512384114	12.28667632248633
111	112 No Te Enamores - Remix	Milly	urbano latino	2020	2023‑04‑13	47.82608695652174	84.0	80.82191780821918	78.26086956521739	27.17391304347826	59.375	290.0	57.57575757575758	11.0	65.0	-35.83771003663797	-40.70221102478027	90.91269153717039	98.04946238742397	15.538680243471044
112	113 Poblado	Crissin	reggaeton colombiano	2020	2023‑04‑13	44.44444444444444	71.0	91.78082191780823	69.56521739130434	10.869565217391305	48.958333333333336	202.0	1.0101010101010102	9.0	65.0	-33.28330806576786	-16.5918417723994	77.8937258228503	88.50348218636636	14.554224684305836
113	114 Prende la Cámara RMX	FMK	trap argentino	2021	2023‑04‑13	43.96135265700483	71.0	72.6027397260274	82.6086956521739	5.434782608695652	82.29166666666667	213.0	11.11111111111111	11.0	65.0	-14.196446297399236	-13.502454751505523	86.17751968764476	66.17407434981139	8.499923482893257
114	115 Súbelo	Anuel AA	reggaeton	2021	2023‑04‑13	42.99516908212561	75.0	54.794520547945204	82.6086956521739	9.782608695652174	77.08333333333333	240.0	17.171717171717173	8.0	65.0	-16.479197875118064	-16.50310542891692	76.00178978588747	63.03700720727225	6.350065199343042
115	116 Tan Enamorados	CNCO	boy band	2021	2023‑04‑13	82.6086956521739	71.0	58.9041095890411	82.6086956521739	19.565217391304348	54.166666666666664	176.0	17.171717171717173	9.0	65.0	-51.39622851504923	-16.373336551939886	65.9214178713881	100.12377347025947	12.604552824252051
116	117 PROBLEMA	Daddy Yankee	latin hip hop	2021	2023‑04‑13	42.99516908212561	80.0	73.97260273972603	86.95652173913044	1.0869565217391304	86.45833333333333	185.0	6.0606060606060606	10.0	64.0	-11.459559863073858	-10.718521764698805	88.91979653593708	63.85969018655887	7.683557770979601
117	118 WACHA	KHEA	argentine hip hop	2021	2023‑04‑13	45.410628019323674	63.0	69.86301369863014	82.6086956521739	9.782608695652174	54.166666666666664	206.0	35.35353535353536	4.0	64.0	-31.099621888930997	-26.703102345672328	81.94022115135874	84.69499792444998	11.436385143874723
118	119 911	Sech	panamanian pop	2021	2023‑04‑13	44.44444444444444	66.0	78.08219178082192	82.6086956521739	30.434782608695652	76.04166666666667	216.0	8.080808080808081	4.0	64.0	-30.40843064354082	-25.997020344902268	80.63872194247416	88.7805583379958	11.786365553991375
119	120 Te Necesito	KHEA	argentine hip hop	2021	2023‑04‑13	35.7487922705314	60.0	65.75342465753425	86.95652173913044	6.521739130434782	34.375	198.0	11.11111111111111	8.0	64.0	-38.90799748527563	-23.395467292038912	68.72371120375885	88.82576020779565	9.989223496128652
120	121 Verte	Nicki Nicole	argentine hip hop	2020	2023‑04‑13	71.98067632850241	67.0	73.97260273972603	82.6086956521739	6.521739130434782	76.04166666666667	157.0	37.37373737373738	37.0	64.0	-29.093178659736108	-17.089541747131832	90.58185187190549	83.73875254931684	12.549307661186013
121	122 Jeans	Justin Quiles	reggaeton	2020	2023‑04‑13	40.09661835748792	66.0	79.45205479452055	82.6086956521739	5.434782608695652	91.66666666666667	186.0	2.0202020202020203	11.0	64.0	-8.49258066068666	-10.881689136751671	90.3509153476396	62.42865221602565	8.335241936939376
122	123 Caramelo	Ozuna	puerto rican pop	2020	2023‑04‑13	80.67632850241546	79.0	69.86301369863014	82.6086956521739	13.043478260869565	71.875	217.0	5.05050505050505	7.0	64.0	-39.39496664079749	-8.459676236757089	75.32998838895206	90.22845752040958	12.066806202284914
123	124 Machu Picchu	Camilo	colombian pop	2021	2023‑04‑13	80.67632850241546	79.0	76.71232876712328	91.30434782608695	22.82608695652174	89.58333333333333	179.0	40.4040404040404	12.0	64.0	-36.36622177703178	-24.472968593017733	95.42850482189374	97.81153780208277	13.927486975171606
124	125 Me Fije	Alex Rose	reggaeton	2021	2023‑04‑13	82.6086956521739	67.0	72.6027397260274	82.6086956521739	8.695652173913043	72.91666666666667	202.0	40.4040404040404	7.0	64.0	-36.13276601632765	-17.05231476468076	88.5426931615139	90.69880535552065	13.680547659441345
125	126 YSY A: Bzrp Music Sessions, Vol. 37	Bizarrap	argentine hip hop	2021	2023‑04‑13	56.03864734299517	79.0	82.1917808219178	82.6086956521739	5.434782608695652	98.95833333333333	157.0	38.38383838383838	30.0		-9.747507835953341	-17.854789895681048	103.92945235559885	68.18803167169008	11.020486468316275
126	127 Mi Debilidad	Maria Becerra	pop argentino	2021	2023‑04‑13	44.927536231884055	65.0	69.86301369863014	82.6086956521739	9.782608695652174	66.66666666666667	166.0	17.171717171717173	6.0	63.0	-24.800983329422866	-19.2980189025454	80.51949212193406	76.83783938250883	9.795465073606826
127	128 Toa la Vida	Nicki Nicole	argentine hip hop	2021	2023‑04‑13	82.6086956521739	56.0	53.42465753424658	73.91304347826087	8.695652173913043	46.875	219.0	66.66666666666667	26.0	63.0	-43.98903116934682	-24.729520299781623	75.57593805836808	91.11195900337502	13.554564969227716
128	129 Cosas Malas - Remix	Jona Mix	cumbia 420	2021	2023‑04‑13	48.792270531400966	62.0	65.75342465753425	69.56521739130434	26.08695652173913	96.875	179.0	9.090909090909092	11.0	63.0	-12.204659760198757	-15.394204665776284	78.20460711943738	62.10518488939424	8.663850197929264
129	130 Polvo	Nicky Jam	latin hip hop	2020	2023‑04‑13	39.130434782608695	62.0	72.6027397260274	73.91304347826087	9.782608695652174	59.375	211.0	1.0101010101010102	7.0	63.0	-24.19666588457536	-14.697530509081284	72.84769974912918	73.36769534234543	9.922271967741741
130	131 Perrito Malvado	Damas Gratis	cumbia 420	2021	2023‑04‑13	40.57971014492754	70.0	52.054794520547944	65.21739130434783	77.17391304347827	60.416666666666664	281.0	14.141414141414142	7.0	63.0	-49.68924654526202	-46.1198295492146	48.954653744111745	102.90051422503775	12.649573083425077
131	132 De Cora <3	Rauw Alejandro	puerto rican pop	2020	2023‑04‑13	84.54106280193237	68.0	79.45205479452055	91.30434782608695	11.956521739130435	58.333333333333336	190.0	46.464646464646464	24.0	63.0	-50.41770143363353	-25.27299348457776	90.81951438145602	110.74266187786141	16.262778168823434
132	133 Te Vas a Arrepentir	La Nueva Luna	cuarteto	2008	2023‑04‑13	44.927536231884055	79.0	65.75342465753425	82.6086956521739	29.347826086956523	93.75	204.0	29.292929292929294	4.0	63.0	-17.771853436088087	-27.932344213426703	86.34009240709658	73.71824483669333	9.251067479440023
133	134 Tamo Chelo	EL NOBA	cumbia 420	2021	2023‑04‑13	84.54106280193237	66.0	76.71232876712328	82.6086956521739	9.782608695652174	80.20833333333333	113.0	1.0101010101010102	24.0	63.0	-35.81297188682535	-4.2951167045680165	80.86153073318052	88.31496885170947	12.534549447723212
134	135 Unfollow	Duki	argentine hip hop	2021	2023‑04‑13	43.96135265700483	65.0	80.82191780821918	82.6086956521739	17.391304347826086	72.91666666666667	197.0	2.0202020202020203	13.0	62.0	-26.424666558377087	-18.73376295714741	82.17597656132499	82.700730503366	11.146319132359933
135	136 Hace Calor	Kaleb Di Masi	cumbia 420	2021	2023‑04‑13	62.31884057971015	55.0	93.15068493150685	73.91304347826087	6.521739130434782	36.458333333333336	201.0	24.242424242424242	7.0	62.0	-46.56706282599671	-20.93065801703756	82.46867724294765	104.32787711841463	17.543085147183568
136	137 En la Oscuridad	LIT killah	argentine hip hop	2021	2023‑04‑13	47.82608695652174	75.0	79.45205479452055	82.6086956521739	5.434782608695652	40.625	173.0	11.11111111111111	5.0	62.0	-39.94504003705909	-19.655637863146048	76.2037919396466	93.61477979617497	12.890152455165115
137	138 Ropa Cara	Camilo	colombian pop	2021	2023‑04‑13	81.64251207729468	53.0	79.45205479452055	78.26086956521739	9.782608695652174	62.5	163.0	11.11111111111111	13.0	62.0	-42.62740718681755	-9.89129607570644	78.70620739858381	95.75397061743102	14.542477334392165
138	139 Ayer Me Llamó Mi Ex – Remix	KHEA	argentine hip hop	2020	2023‑04‑13	56.03864734299517	69.0	75.34246575342466	78.26086956521739	10.869565217391305	56.25	256.0	23.232323232323232	4.0	62.0	-34.570499515705	-20.288906410742328	79.71762893978499	87.94113935663967	12.804843025249522
139	140 TURRA	Cazzu	argentine hip hop	2021	2023‑04‑13	83.57487922705315	70.0	68.4931506849315	78.26086956521739	8.695652173913043	72.91666666666667	206.0	43.43434343434343	26.0	62.0	-34.292481094446536	-16.19665874047202	86.03215598510417	86.45014844694711	13.3108591122662
140	141 NIÑO GORDO FLACO	WOS	argentine indie	2021	2023‑04‑13	52.65700483091788	93.0	50.68493150684932	82.6086956521739	15.217391304347826	50.0	144.0	10.1010101010101	5.0	62.0	-38.25628229886718	-18.404723229916797	61.16384812989936	82.84308240234387	8.472169581460829
141	142 TITAN	Salastkbron	pop argentino	2021	2023‑04‑13	86.47342995169082	49.0	68.4931506849315	60.869565217391305	8.695652173913043	98.95833333333333	122.0	34.343434343434346	19.0	61.0	-14.801374375078955	-4.312806632435132	86.73966586652709	61.99107400689443	11.877929270368968
142	143 Ya No Llora	Marama	cumbia pop	2021	2023‑04‑13	67.6328502415459	73.0	63.013698630136986	73.91304347826087	7.608695652173913	46.875	121.0	22.22222222222222	10.0	61.0	-40.315564820329556	-14.779483902455166	68.61223611938324	86.73087899543378	12.121900023161935
143	144 De Enero a Diciembre	Emilia	pop argentino	2021	2023‑04‑13	45.410628019323674	44.0	84.93150684931507	73.91304347826087	9.782608695652174	58.333333333333336	164.0	30.303030303030305	6.0	61.0	-27.372000228611306	-23.909110461373714	87.39687825244705	84.010816924456	13.765211676021686
144	145 Ponte Pa' Mi	Justin Quiles	reggaeton	2020	2023‑04‑13	43.96135265700483	71.0	89.04109589041096	78.26086956521739	6.521739130434782	63.541666666666664	202.0	6.0606060606060606	9.0	61.0	-25.615886380180598	-15.94882171175724	85.96165346135567	82.03612622652972	12.622315133166087
145	146 Bailando Te Conocí	Rusherking	trap argentino	2021	2023‑04‑13	47.82608695652174	62.0	84.93150684931507	82.6086956521739	7.608695652173913	57.291666666666664	194.0	4.040404040404041	6.0	61.0	-32.5897209137233	-16.60993665812382	81.84176187124372	88.38095855818459	12.54607739846349
146	147 Chico Estrella	Duki	argentine hip hop	2021	2023‑04‑13	67.14975845410628	73.0	67.12328767123287	82.6086956521739	16.304347826086957	58.333333333333336	170.0	12.121212121212121	5.0	61.0	-42.03957833246099	-16.922538367594946	71.89528098134411	93.15830731375698	12.010541688474984
147	148 Me Enseñaste - Remix	Sael	urbano latino	2021	2023‑04‑13	72.94685990338164	53.0	46.57534246575342	73.91304347826087	10.869565217391305	41.666666666666664	241.0	40.4040404040404	29.0	61.0	-44.33255425006465	-19.785013626437095	62.5984141594624	86.7285932583729	11.105225873987042
148	149 MESITA | Mission 05	Alan Gomez	cumbia 420	2021	2023‑04‑13	86.47342995169082	46.0	69.86301369863014	73.91304347826087	16.304347826086957	84.375	136.0	70.70707070707071	32.0	61.0	-29.833152850722833	-24.967197097538822	95.55594359316814	85.72505391917989	14.803576074924353
149	150 Noche de Party	Migrantes	cumbia pop	2021	2023‑04‑13	62.31884057971015	79.0	67.12328767123287	78.26086956521739	38.04347826086956	85.41666666666667	153.0	20.2020202020202	5.0	61.0	-32.956793967067924	-25.732238631099563	77.3678325843305	88.52188878059931	11.921032465813584
150	151 OPA	Dillom	trap argentino	2021	2023‑04‑13	47.82608695652174	61.0	95.89041095890411	78.26086956521739	7.608695652173913	87.5	170.0	13.131313131313131	19.0	61.0	-14.771814331522489	-14.97191314575174	98.87000739978703	75.11025833077649	12.788578910005356
151	152 rápido lento	Emilia	pop argentino	2021	2023‑04‑13	38.16425120772947	35.0	76.71232876712328	65.21739130434783	17.391304347826086	68.75	213.0	30.303030303030305	10.0	60.0	-17.790354407686138	-24.428008118709432	82.85955444859553	70.84392691055884	11.928639807846183
152	153 KALEB DI MASI | DJ TAO Turreo Sessions #5	Kaleb Di Masi	cumbia 420	2021	2023‑04‑13	84.54106280193237	85.0	76.71232876712328	78.26086956521739	23.91304347826087	68.75	148.0								
153	154 YO SE QUE TU (feat. Rusherking)	FMK	trap argentino	2021	2023‑04‑13	43.96135265700483	63.0	78.08219178082192	82.6086956521739	3.260869565217391	67.70833333333333	193.0	15.151515151515152	5.0	60.0	-21.742093357638325	-16.50174146918861	86.10534469170561	75.50124344998527	10.439966783679559
154	155 DELITO	NATHY PELUSO	r&b en espanol	2020	2023‑04‑13	39.61352657004831	51.0	42.465753424657535	65.21739130434783	6.521739130434782	66.66666666666667	203.0	52.525252525252526	29.0	60.0	-9.593279429193647	-22.32604183586912	72.99872458955247	49.71950595893418	6.387821033443427
155	156 Confiesalo	Maria Becerra	pop argentino	2020	2023‑04‑13	47.82608695652174	44.0	97.26027397260275	69.56521739130434	6.521739130434782	67.70833333333333	197.0	39.39393939393939	7.0	60.0	-20.87748389192702	-23.450153523020553	99.03279369032794	81.49951382496796	15.631290382984103
156	157 SOLO POR VOS	Trueno	argentine hip hop	2021	2023‑04‑13	41.54589371980676	53.0	64.38356164383562	65.21739130434783	8.695652173913043	64.58333333333333	200.0	75.75757575757575	14.0	60.0	-13.86194584318468	-32.86987842992161	90.30466667869884	64.97290128804423	11.517477108788903
157	158 Wow Wow (feat. Becky G)	Maria Becerra	pop argentino	2021	2023‑04‑13	84.54106280193237	68.0	69.86301369863014	82.6086956521739	8.695652173913043	89.58333333333333	200.0	7.070707070707071	8.0	59.0	-28.99564736104342	-3.492490795386864	82.28870599984359	79.4819434668303	10.869383606764487
158	159 Sabe	Nicki Nicole	argentine hip hop	2021	2023‑04‑13	44.44444444444444	62.0	76.71232876712328	82.6086956521739	16.304347826086957	79.16666666666667	178.0	10.1010101010101	14.0	59.0	-21.765431263197783	-19.22123934400587	84.62745080344841	77.19674860577182	10.285112139861992
159	160 BB	MYA	pop argentino	2021	2023‑04‑13	42.028985507246375	76.0	73.97260273972603	78.26086956521739	7.608695652173913	87.5	156.0	14.141414141414142	18.0	59.0	-9.81759675371944	-14.149447873614044	87.96239644810223	62.04422575968139	8.639187437207093
160	161 Cazame	Maria Becerra	pop argentino	2021	2023‑04‑13	46.85990338164251	46.0	47.945205479452056	69.56521739130434	9.782608695652174	30.208333333333332	200.0	14.141414141414142	17.0	59.0	-38.832602378760804	-17.59999093826893	52.67029135909422	78.07854264804087	9.046202608274527
161	162 Acaramelao	Maria Becerra	pop argentino	2021	2023‑04‑13	76.81159420289855	72.0	65.75342465753425	86.95652173913044	10.869565217391305	53.125	185.0	46.464646464646464	5.0	59.0	-46.340803809386294	-24.59570334825323	81.49885393542333	100.17375098513425	13.723715151815956
162	163 Pistola Remix	L-Gante	cumbia 420	2021	2023‑04‑13	38.64734299516908	68.0	75.34246575342466	69.56521739130434	9.782608695652174	89.58333333333333	137.0	16.161616161616163	25.0	59.0	-4.963889941704112	-14.140465479692699	87.37177913741344	56.174560524843436	8.971290104740076
163	164 Cuando Me Ves	Dani Ribba	argentine hip hop	2021	2023‑04‑13	39.61352657004831	50.0	64.38356164383562	78.26086956521739	10.869565217391305	50.0	200.0	72.72727272727273	9.0	59.0	-27.327470656535574	-38.977887872170186	87.90765306429392	81.6867243007803	12.045117644581614
164	165 Vibez	ZAYN	dance pop	2021	2023‑04‑13	46.3768115942029	66.0	56.16438356164384	69.56521739130434	9.782608695652174	34.375	163.0	24.242424242424242	12.0	59.0	-36.69059866081903	-21.11669385185987	61.423908531413005	80.1629227805151	10.517189276625697
165	166 Iluminará	La Nueva Luna	cuarteto	2017	2023‑04‑13	51.690821256038646	88.0	56.16438356164384	82.6086956521739	11.956521739130435	79.16666666666667	242.0	24.242424242424242	4.0	59.0	-19.870550351640283	-17.663644334951663	78.42873944928739	67.93677543751994	7.589502078558064
166	167 Turraka - Remix	Kaleb Di Masi	cumbia 420	2021	2023‑04‑13	81.64251207729468	60.0	78.08219178082192	69.56521739130434	3.260869565217391	69.79166666666667	210.0	39.39393939393939	33.0	58.0	-30.60968229044464	-12.023233564050267	87.8853183412445	82.68981393746878	14.66962752149247
167	168 TRUCHO	Perro Primo	cumbia 420	2021	2023‑04‑13	42.99516908212561	56.0	75.34246575342466	73.91304347826087	8.695652173913043	58.333333333333336	144.0	45.45454545454545	26.0	58.0	-24.010113042275044	-27.56094747354426	87.26835357746616	78.36203307644641	12.460942059065944
168	169 Tú no me conoces	Danny Ocean	pop venezolano	2021	2023‑04‑13	44.927536231884055	65.0	76.71232876712328	69.56521739130434	8.695652173913043	72.91666666666667	150.0	30.303030303030305	6.0	58.0	-15.930451026043634	-19.271607152525853	86.8064143519772	68.41035203133175	11.351948986590141
169	170 Ley de Atracción	Duki	argentine hip hop	2021	2023‑04‑13	43.96135265700483	68.0	75.34246575342466	82.6086956521739	32.608695652173914	75.0	180.0	20.2020202020202	7.0	58.0	-30.898343169635602	-30.759234693570605	82.0452530065395	89.84336816647715	12.013642981332085
170	171 Dejame Tranki	LIT killah	argentine hip hop	2021	2023‑04‑13	68.1159420289855	50.0	75.34246575342466	82.6086956521739	11.956521739130435	67.70833333333333	222.0	36.36363636363637	12.0	58.0	-34.853547385709376	-21.636032563575	87.41306152652191	90.86189583446136	13.450717531178375
171	172 BLUNTED 5 - Remix	Bruno LC	cumbia 420	2021	2023‑04‑13	82.6086956521739	27.0	71.23287671232876	47.82608695652174	3.260869565217391	48.958333333333336	141.0	21.21212121212121	41.0	57.0	-34.58660458064864	-2.8937109706354827	66.19677116609815	76.15765043225583	14.965773164943057
172	173 La mano de Dios (Homenaje a Diego Maradona)	Rodrigo	argentine rock	2011	2023‑04‑13	75.3623188405797	86.0	23.28767123287671	73.91304347826087	100.0	51.041666666666664	344.0								
173	174 Soy Cordobes	Rodrigo	argentine rock	2011	2023‑04‑13	75.84541062801932	94.0	38.35616438356164	78.26086956521739	86.95652173913044	84.375	303.0	16.161616161616163	9.0	57.0	-59.383319496333186	-41.97399527586767	48.868073227811166	112.61498058307916	11.937091094085588
174	175 Matatan	Kaleb Di Masi	cumbia 420	2021	2023‑04‑13	41.06280193236715	71.0	82.1917808219178	65.21739130434783	7.608695652173913	66.66666666666667	159.0	20.2020202020202	43.0	56.0	-16.713362030068396	-16.87860138009036	84.01596970298579	68.88069197032866	12.051214948773017
175	176 Barrio Prendido	The La Planta	cumbia pop	2020	2023‑04‑13	55.55555555555556	54.0	49.31506849315068	65.21739130434783	13.043478260869565	100.0	240.0	17.171717171717173	9.0	56.0	-3.368004042810465	-6.743058939604504	74.13874299877874	44.148573284963994	5.601831296887876
176	177 Playa	TINI	latin pop	2020	2023‑04‑13	38.16425120772947	74.0	78.08219178082192	82.6086956521739	6.521739130434782	75.0	147.0	21.21212121212121	12.0	56.0	-16.395584793738443	-20.12735905812141	89.94526564032223	71.64213607185614	9.9690758087125
177	178 Pa Tra Rkt	Callejero Fino	rkt	2021	2023‑04‑13	42.99516908212561	75.0	71.23287671232876	73.91304347826087	63.04347826086956	55.208333333333336	191.0	6.0606060606060606	7.0	55.0	-52.82123347832103	-41.452477988641625	60.31556782837307	111.93570269400375	14.753130433278587
178	179 Prende la Cámara	FMK	trap argentino	2021	2023‑04‑13	43.96135265700483	68.0	87.67123287671232	82.6086956521739	6.521739130434782	82.29166666666667	149.0	6.0606060606060606	10.0	55.0	-16.617375361717215	-14.11607156285908	92.40953910757364	74.02250204546955	10.946503638228624
179	180 Toa la Vida	Nicki Nicole	argentine hip hop	2021	2023‑04‑13	82.6086956521739	56.0	53.42465753424658	73.91304347826087	8.695652173913043	46.875	219.0	66.66666666666667	26.0	55.0	-43.98903116934682	-24.729520299781623	75.57593805836808	91.11195900337502	13.554564969227716
180	181 Parte de Mí	Nicki Nicole	argentine hip hop	2021	2023‑04‑13	39.130434782608695	37.0	43.83561643835616	60.869565217391305	9.782608695652174	41.666666666666664	175.0	90.9090909090909	4.0	55.0	-21.497477755518254	-38.66677946829823	75.38241557925893	64.9814283393795	10.258708285956649
181	182 Animal	Maria Becerra	pop argentino	2021	2023‑04‑13	86.47342995169082	81.0	67.12328767123287	82.6086956521739	11.956521739130435	71.875	204.0	27.272727272727273	16.0	54.0	-39.96436972464369	-13.250093813356914	80.37793359443151	91.65652316795111	12.866753260719166
182	183 Me Has Dejado	Nicki Nicole	argentine hip hop	2021	2023‑04‑13	76.81159420289855	74.0	42.465753424657535	78.26086956521739	7.608695652173913	42.708333333333336	242.0	54.54545454545455	6.0	54.0	-44.371496381323645	-22.27552306116556	66.61686249029906	87.07444118071724	10.817210032125903
183	184 No Toque Mi Naik	Nicki Nicole	argentine hip hop	2021	2023‑04‑13	45.410628019323674	78.0	72.6027397260274	86.95652173913044	13.043478260869565	62.5	144.0	28.282828282828284	20.0	54.0	-30.272643047509046	-26.258205190679877	84.39425223046426	86.11871093303493	11.166411734979336
184	185 Turraka - Remix	Kaleb Di Masi	cumbia 420	2021	2023‑04‑13	86.47342995169082	64.0	76.71232876712328	73.91304347826087	15.217391304347826	56.25	124.0	39.39393939393939	23.0	53.0	-47.39136450869627	-19.710561917567574	81.03127162031271	101.98567043273712	16.5972278623038
185	186 Midtown	Duki	argentine hip hop	2021	2023‑04‑13	83.57487922705315	58.0	60.273972602739725	82.6086956521739	5.434782608695652	80.20833333333333	206.0	5.05050505050505	14.0	53.0	-31.343795308655338	-1.8650266437453735	74.38547776755043	77.19649405008992	9.47652428844731
186	187 Combi Nueva	Papichamp	cumbia 420	2021	2023‑04‑13	47.82608695652174	61.0	78.08219178082192	69.56521739130434	35.869565217391305	68.75	192.0	38.38383838383838	15.0	53.0	-32.028544828872406	-34.95813969053248	82.44219141985671	90.85881371788162	14.605521790267174
187	188 Tinty Nasty	L-Gante	cumbia 420	2021	2023‑04‑13	81.64251207729468	49.0	76.71232876712328	56.52173913043478	7.608695652173913	56.25	187.0	33.333333333333336	47.0	53.0	-35.432317517040566	-10.720662927668586	76.52951492290384	83.54978988816093	15.881373668188738
188	189 Que a Pasao - Remix	Big Apple	cumbia 420	2021	2023‑04‑13							213.0			51.0					
189	190 Loba	Rusherking	trap argentino	2021	2023‑04‑13	39.130434782608695	62.0	89.04109589041096	78.26086956521739	7.608695652173913	85.41666666666667	158.0	14.141414141414142	7.0	51.0	-11.395420855367247	-16.757163279609678	95.48492970202321	69.36438160641556	11.11478054818585
190	191 Te Mentiría	Luck Ra	trap argentino	2021	2023‑04‑13	44.927536231884055	76.0	63.013698630136986	78.26086956521739	8.695652173913043	71.875	186.0	2.0202020202020203	4.0	51.0	-19.725424284536846	-11.41420063499799	73.07578464814917	66.41159924137143	7.703915833438614
191	192 Como + Nadie	MYA	pop argentino	2021	2023‑04‑13	43.47826086956522	68.0	79.45205479452055	82.6086956521739	9.782608695652174	70.83333333333333	184.0	11.11111111111111	5.0	50.0	-23.202286413870695	-18.167866124015617	85.21828469326981	78.3892363179141	10.775569121831781
192	193 Pistola	L-Gante	cumbia 420	2020	2023‑04‑13	77.77777777777777	60.0	83.56164383561644	65.21739130434783	9.782608695652174	94.79166666666667	157.0	23.232323232323232	22.0	49.0	-17.771710554021443	-6.716113825870379	91.60277883059301	71.00386270387014	13.54766489342502
193	194 Te Mentiria	Luck Ra	trap argentino	2021	2023‑04‑13	44.927536231884055	76.0	63.013698630136986	78.26086956521739	8.695652173913043	71.875	186.0	2.0202020202020203	4.0	48.0	-19.725424284536846	-11.41420063499799	73.07578464814917	66.41159924137143	7.703915833438614
194	195 Bien Chula	KHEA	argentine hip hop	2021	2023‑04‑13	44.927536231884055	74.0	57.534246575342465	86.95652173913044	34.78260869565217	45.833333333333336	172.0	29.292929292929294	6.0	48.0	-47.907598919510775	-37.95486505916821	66.62885555976682	101.93541279381066	11.512321698221042
195	196 Don Omar RKT - Remix	Tomy DJ	previa	2021	2023‑04‑13	39.130434782608695	51.0	64.38356164383562	69.56521739130434	13.043478260869565	37.5	179.0	16.161616161616163	30.0	48.0	-34.665415320567185	-22.206423225705535	64.145685563196	81.2799390570385	11.053626647655832
196	197 California	LIT killah	argentine hip hop	2021	2023‑04‑13	57.48792270531401	70.0	71.23287671232876	69.56521739130434	40.21739130434783	89.58333333333333	201.0	3.0303030303030303	3.0	47.0	-27.574197905198492	-20.081471730407102	73.23981025261548	81.31589044103933	11.689436428008493
197	198 Que a Pasao	Big Apple	cumbia 420	2021	2023‑04‑13	43.96135265700483	64.0	89.04109589041096	82.6086956521739	2.1739130434782608	50.0	126.0	3.0303030303030303	6.0	43.0	-32.959430517202996	-16.084156033232862	82.84966400154012	89.11015455327546	12.970758809055415
198	199 Brasil Decime Que Se Siente (Mundial 2014)	Banda Mundial		2014	2023‑04‑13	94.20289855072464	70.0	23.28767123287671	73.91304347826087	72.82608695652173	93.75	321.0	9.090909090909092	25.0	42.0	-52.42956214918693	-24.766601016117093	42.41031819084231	95.23325798184344	8.904968009457289
199	200 Esos Días	Sael	urbano latino	2021	2023‑04‑13	44.44444444444444	45.0	93.15068493150685	73.91304347826087	5.434782608695652	46.875	151.0	4.040404040404041	25.0	33.0	-33.54697059938275	-16.51615977373497	81.23174267992613	89.64688238850687	14.488929459875704
